;HumanDevelopmentIndex(HDI);Lifeexpectancyatbirth;Expectedyearsofschooling;Meanyearsofschooling;Grossnationalincome(GNI)percapita;GNIpercapitarankminusHDIrank
Norway;0.944;81.6;17.5;12.6;64992;5
Australia;0.935;82.4;20.2;13.0;42261;17
Switzerland;0.930;83.0;15.8;12.8;56431;6
Denmark;0.923;80.2;18.7;12.7;44025;11
Netherlands;0.922;81.6;17.9;11.9;45435;9
Germany;0.916;80.9;16.5;13.1;43919;11
Ireland;0.916;80.9;18.6;12.2;39568;16
UnitedStates;0.915;79.1;16.5;12.9;52947;3
Canada;0.913;82.0;15.9;13.0;42155;11
NewZealand;0.913;81.8;19.2;12.5;32689;23
Singapore;0.912;83.0;15.4;10.6;76628;-7
HongKong.China(SAR);0.910;84.0;15.6;11.2;53959;-2
Liechtenstein;0.908;80.0;15.0;11.8;79851;-10
Sweden;0.907;82.2;15.8;12.1;45636;-1
UnitedKingdom;0.907;80.7;16.2;13.1;39267;9
Iceland;0.899;82.6;19.0;10.6;35182;12
Korea(Republicof);0.898;81.9;16.9;11.9;33890;13
Israel;0.894;82.4;16.0;12.5;30676;16
Luxembourg;0.892;81.7;13.9;11.7;58711;-11
Japan;0.891;83.5;15.3;11.5;36927;7
Belgium;0.890;80.8;16.3;11.3;41187;0
France;0.888;82.2;16.0;11.1;38056;4
Austria;0.885;81.4;15.7;10.8;43869;-5
Finland;0.883;80.8;17.1;10.3;38695;0
Slovenia;0.880;80.4;16.8;11.9;27852;12
Spain;0.876;82.6;17.3;9.6;32045;7
Italy;0.873;83.1;16.0;10.1;33030;4
CzechRepublic;0.870;78.6;16.4;12.3;26660;10
Greece;0.865;80.9;17.6;10.3;24524;14
Estonia;0.861;76.8;16.5;12.5;25214;12
BruneiDarussalam;0.856;78.8;14.5;8.8;72570;-26
Cyprus;0.850;80.2;14.0;11.6;28633;3
Qatar;0.850;78.2;13.8;9.1;123124;-31
Andorra;0.845;81.3;13.5;9.6;43978;-18
Slovakia;0.844;76.3;15.1;12.2;25845;5
Poland;0.843;77.4;15.5;11.8;23177;10
Lithuania;0.839;73.3;16.4;12.4;24500;7
Malta;0.839;80.6;14.4;10.3;27930;-1
SaudiArabia;0.837;74.3;16.3;8.7;52821;-27
Argentina;0.836;76.3;17.9;9.8;22050;11
UnitedArabEmirates;0.835;77.0;13.3;9.5;60868;-34
Chile;0.832;81.7;15.2;9.8;21290;11
Portugal;0.830;80.9;16.3;8.2;25757;-2
Hungary;0.828;75.2;15.4;11.6;22916;3
Bahrain;0.824;76.6;14.4;9.4;38599;-20
Latvia;0.819;74.2;15.2;11.5;22281;4
Croatia;0.818;77.3;14.8;11.0;19409;11
Kuwait;0.816;74.4;14.7;7.2;83961;-46
Montenegro;0.802;76.2;15.2;11.2;14558;27
Belarus;0.798;71.3;15.7;12.0;16676;14
RussianFederation;0.798;70.1;14.7;12.0;22352;-1
Oman;0.793;76.8;13.6;8.0;34858;-23
Romania;0.793;74.7;14.2;10.8;18108;10
Uruguay;0.793;77.2;15.5;8.5;19283;7
Bahamas;0.790;75.4;12.6;10.9;21336;-3
Kazakhstan;0.788;69.4;15.0;11.4;20867;-1
Barbados;0.785;75.6;15.4;10.5;12488;27
AntiguaandBarbuda;0.783;76.1;14.0;9.2;20070;-1
Bulgaria;0.782;74.2;14.4;10.6;15596;13
Palau;0.780;72.7;13.7;12.3;13496;18
Panama;0.780;77.6;13.3;9.3;18192;1
Malaysia;0.779;74.7;12.7;10.0;22762;-14
Mauritius;0.777;74.4;15.6;8.5;17470;0
Seychelles;0.772;73.1;13.4;9.4;23300;-19
TrinidadandTobago;0.772;70.4;12.3;10.9;26090;-25
Serbia;0.771;74.9;14.4;10.5;12190;20
Cuba;0.769;79.4;13.8;11.5;7301;47
Lebanon;0.769;79.3;13.8;7.9;16509;-1
CostaRica;0.766;79.4;13.9;8.4;13413;10
Iran(IslamicRepublicof);0.766;75.4;15.1;8.2;15440;4
Venezuela(BolivarianRepublicof);0.762;74.2;14.2;8.9;16159;-2
Turkey;0.761;75.3;14.5;7.6;18677;-12
SriLanka;0.757;74.9;13.7;10.8;9779;29
Mexico;0.756;76.8;13.1;8.5;16056;-4
Brazil;0.755;74.5;15.2;7.7;15175;-1
Georgia;0.754;74.9;13.8;12.1;7164;40
SaintKittsandNevis;0.752;73.8;12.9;8.4;20805;-21
Azerbaijan;0.751;70.8;11.9;11.2;16428;-11
Grenada;0.750;73.4;15.8;8.6;10939;14
Jordan;0.748;74.0;13.5;9.9;11365;11
TheformerYugoslavRepublicofMacedonia;0.747;75.4;13.4;9.3;11780;9
Ukraine;0.747;71.0;15.1;11.3;8178;25
Algeria;0.736;74.8;14.0;7.6;13054;-1
Peru;0.734;74.6;13.1;9.0;11015;8
Albania;0.733;77.8;11.8;9.3;9943;14
Armenia;0.733;74.7;12.3;10.9;8124;22
BosniaandHerzegovina;0.733;76.5;13.6;8.3;9638;19
Ecuador;0.732;75.9;14.2;7.6;10605;7
SaintLucia;0.729;75.1;12.6;9.3;9765;14
China;0.727;75.8;13.1;7.5;12547;-7
Fiji;0.727;70.0;15.7;9.9;7493;21
Mongolia;0.727;69.4;14.6;9.3;10729;4
Thailand;0.726;74.4;13.5;7.3;13323;-13
Dominica;0.724;77.8;12.7;7.9;9994;4
Libya;0.724;71.6;14.0;7.3;14911;-19
Tunisia;0.721;74.8;14.6;6.8;10404;1
Colombia;0.720;74.0;13.5;7.3;12040;-9
SaintVincentandtheGrenadines;0.720;72.9;13.4;8.6;9937;3
Jamaica;0.719;75.7;12.4;9.7;7415;13
Tonga;0.717;72.8;14.7;10.7;5069;32
Belize;0.715;70.0;13.6;10.5;7614;9
DominicanRepublic;0.715;73.5;13.1;7.6;11883;-12
Suriname;0.714;71.1;12.7;7.7;15617;-32
Maldives;0.706;76.8;13.0;5.8;12328;-19
Samoa;0.702;73.4;12.9;10.3;5327;24
Botswana;0.698;64.5;12.5;8.9;16646;-41
Moldova(Republicof);0.693;71.6;11.9;11.2;5223;23
Egypt;0.690;71.1;13.5;6.6;10512;-12
Turkmenistan;0.688;65.6;10.8;9.9;13066;-28
Gabon;0.684;64.4;12.5;7.8;16367;-42
Indonesia;0.684;68.9;13.0;7.6;9788;-9
Paraguay;0.679;72.9;11.9;7.7;7643;-3
Palestine.Stateof;0.677;72.9;13.0;8.9;4699;21
Uzbekistan;0.675;68.4;11.5;10.9;5567;10
Philippines;0.668;68.2;11.3;8.9;7915;-7
ElSalvador;0.666;73.0;12.3;6.5;7349;-3
SouthAfrica;0.666;57.4;13.6;9.9;12122;-29
VietNam;0.666;75.8;11.9;7.5;5092;15
Bolivia(PlurinationalStateof);0.662;68.3;13.2;8.2;5760;4
Kyrgyzstan;0.655;70.6;12.5;10.6;3044;29
Iraq;0.654;69.4;10.1;6.4;14003;-44
CaboVerde;0.646;73.3;13.5;4.7;6094;-1
Micronesia(FederatedStatesof);0.640;69.1;11.7;9.7;3432;21
Guyana;0.636;66.4;10.3;8.5;6522;-4
Nicaragua;0.631;74.9;11.5;6.0;4457;12
Morocco;0.628;74.0;11.6;4.4;6850;-8
Namibia;0.628;64.8;11.3;6.2;9418;-21
Guatemala;0.627;71.8;10.7;5.6;6929;-11
Tajikistan;0.624;69.4;11.2;10.4;2517;27
India;0.609;68.0;11.7;5.4;5497;-4
Honduras;0.606;73.1;11.1;5.5;3938;7
Bhutan;0.605;69.5;12.6;3.0;7176;-17
Timor-Leste;0.595;68.2;11.7;4.4;5363;-6
SyrianArabRepublic;0.594;69.6;12.3;6.3;2728;21
Vanuatu;0.594;71.9;10.6;6.8;2803;19
Congo;0.591;62.3;11.1;6.1;6012;-14
Kiribati;0.590;66.0;12.3;7.8;2434;21
EquatorialGuinea;0.587;57.6;9.0;5.5;21056;-84
Zambia;0.586;60.1;13.5;6.6;3734;2
Ghana;0.579;61.4;11.5;7.0;3852;-1
LaoPeople'sDemocraticRepublic;0.575;66.2;10.6;5.0;4680;-6
Bangladesh;0.570;71.6;10.0;5.1;3191;5
Cambodia;0.555;68.4;10.9;4.4;2949;7
SaoTomeandPrincipe;0.555;66.5;11.3;4.7;2918;8
Kenya;0.548;61.6;11.0;6.3;2762;9
Nepal;0.548;69.6;12.4;3.3;2311;16
Pakistan;0.538;66.2;7.8;4.7;4866;-14
Myanmar;0.536;65.9;8.6;4.1;4608;-12
Angola;0.532;52.3;11.4;4.7;6822;-30
Swaziland;0.531;49.0;11.3;7.1;5542;-25
Tanzania(UnitedRepublicof);0.521;65.0;9.2;5.1;2411;8
Nigeria;0.514;52.8;9.0;5.9;5341;-24
Cameroon;0.512;55.5;10.4;6.0;2803;-1
Madagascar;0.510;65.1;10.3;6.0;1328;24
Zimbabwe;0.509;57.5;10.9;7.3;1615;13
Mauritania;0.506;63.1;8.5;3.8;3560;-14
SolomonIslands;0.506;67.9;9.2;5.0;1540;16
PapuaNewGuinea;0.505;62.6;9.9;4.0;2463;-1
Comoros;0.503;63.3;11.5;4.6;1456;16
Yemen;0.498;63.8;9.2;2.6;3519;-17
Lesotho;0.497;49.8;11.1;5.9;3306;-16
Togo;0.484;59.7;12.2;4.5;1228;17
Haiti;0.483;62.8;8.7;4.9;1669;4
Rwanda;0.483;64.2;10.3;3.7;1458;11
Uganda;0.483;58.5;9.8;5.4;1613;6
Benin;0.480;59.6;11.1;3.3;1767;0
Sudan;0.479;63.5;7.0;3.1;3809;-27
Djibouti;0.470;62.0;6.4;3.8;3276;-22
SouthSudan;0.467;55.7;7.6;5.4;2332;-9
Senegal;0.466;66.5;7.9;2.5;2188;-8
Afghanistan;0.465;60.4;9.3;3.2;1885;-7
CÃ´ted'Ivoire;0.462;51.5;8.9;4.3;3171;-24
Malawi;0.445;62.8;10.8;4.3;747;13
Ethiopia;0.442;64.1;8.5;2.4;1428;2
Gambia;0.441;60.2;8.8;2.8;1507;-2
Congo(DemocraticRepublicofthe);0.433;58.7;9.8;6.0;680;11
Liberia;0.430;60.9;9.5;4.1;805;7
Guinea-Bissau;0.420;55.2;9.0;2.8;1362;-1
Mali;0.419;58.0;8.4;2.0;1583;-8
Mozambique;0.416;55.1;9.3;3.2;1123;1
SierraLeone;0.413;50.9;8.6;3.1;1780;-16
Guinea;0.411;58.8;8.7;2.4;1096;0
BurkinaFaso;0.402;58.7;7.8;1.4;1591;-13
Burundi;0.400;56.7;10.1;2.7;758;1
Chad;0.392;51.6;7.4;1.9;2085;-22
Eritrea;0.391;63.7;4.1;3.9;1130;-6
CentralAfricanRepublic;0.350;50.7;7.2;4.2;581;1
Niger;0.348;61.4;5.4;1.5;908;-5
